menu_id,submenu_id,image,imagename,price,availablity,description
2,7,pi1.png,Top,900,10,I am trying to upload multiple images using this custom library.
2,7,pi1.png,Top,900,10,I am trying to upload multiple images using this custom library.
2,7,pi1.png,Top,900,10,I am trying to upload multiple images using this custom library.
2,7,pi1.png,Top,900,10,I am trying to upload multiple images using this custom library.
2,7,pi1.png,Top,900,10,I am trying to upload multiple images using this custom library.
2,7,pi1.png,Top,900,10,I am trying to upload multiple images using this custom library.
2,8,pi6.png,Jeans,1000,10,I am trying to upload multiple images using this custom library.
2,8,pi6.png,Jeans,1000,10,I am trying to upload multiple images using this custom library.
2,8,pi6.png,Jeans,1000,10,I am trying to upload multiple images using this custom library.
2,8,pi6.png,Jeans,1000,10,I am trying to upload multiple images using this custom library.
2,8,pi6.png,Jeans,1000,10,I am trying to upload multiple images using this custom library.
2,6,pi7.png,T-Shirt,500,10,I am trying to upload multiple images using this custom library.
2,6,pi7.png,T-Shirt,500,10,I am trying to upload multiple images using this custom library.
2,6,pi7.png,T-Shirt,500,10,I am trying to upload multiple images using this custom library.
2,6,pi7.png,T-Shirt,500,10,I am trying to upload multiple images using this custom library.
2,6,pi7.png,T-Shirt,500,10,I am trying to upload multiple images using this custom library.
2,5,ce.png,Shirt,400,10,I am trying to upload multiple images using this custom library.
2,5,ce.png,Shirt,400,10,I am trying to upload multiple images using this custom library.
2,5,ce.png,Shirt,400,10,I am trying to upload multiple images using this custom library.
2,5,ce.png,Shirt,400,10,I am trying to upload multiple images using this custom library.
2,5,ce.png,Shirt,400,10,I am trying to upload multiple images using this custom library.
1,1,pi3.png,Shirt,300,10,I am trying to upload multiple images using this custom library.
1,1,pi3.png,Shirt,300,10,I am trying to upload multiple images using this custom library.
1,1,pi3.png,Shirt,300,10,I am trying to upload multiple images using this custom library.
1,1,pi3.png,Shirt,300,10,I am trying to upload multiple images using this custom library.
1,1,pi3.png,Shirt,300,10,I am trying to upload multiple images using this custom library.
1,2,pi2.png,T-Shirt,450,10,I am trying to upload multiple images using this custom library.
1,2,pi2.png,T-Shirt,450,10,I am trying to upload multiple images using this custom library.
1,2,pi2.png,T-Shirt,450,10,I am trying to upload multiple images using this custom library.
1,2,pi2.png,T-Shirt,450,10,I am trying to upload multiple images using this custom library.
1,2,pi2.png,T-Shirt,450,10,I am trying to upload multiple images using this custom library.
1,2,pi2.png,T-Shirt,450,10,I am trying to upload multiple images using this custom library.
1,3,pi6.png,Jeans,1000,10,I am trying to upload multiple images using this custom library.
1,3,pi6.png,Jeans,1000,10,I am trying to upload multiple images using this custom library.
1,3,pi6.png,Jeans,1000,10,I am trying to upload multiple images using this custom library.
1,3,pi6.png,Jeans,1000,10,I am trying to upload multiple images using this custom library.
1,3,pi6.png,Jeans,1000,10,I am trying to upload multiple images using this custom library.
1,3,pi6.png,Jeans,1000,10,I am trying to upload multiple images using this custom library.
1,4,pr2.png,Formal-Shirt,1500,10,I am trying to upload multiple images using this custom library.
1,4,pr2.png,Formal-Shirt,1500,10,I am trying to upload multiple images using this custom library.
1,4,pr2.png,Formal-Shirt,1500,10,I am trying to upload multiple images using this custom library.
1,4,pr2.png,Formal-Shirt,1500,10,I am trying to upload multiple images using this custom library.
1,4,pr2.png,Formal-Shirt,1500,10,I am trying to upload multiple images using this custom library.
1,4,pr2.png,Formal-Shirt,1500,10,I am trying to upload multiple images using this custom library.
